29/12/2020	$ 26.436,22	$ 703,70	$ 126,48	$ 161,44
28/12/2020	$ 26.844,09	$ 704,26	$ 127,63	$ 160,19
27/12/2020	$ 26.711,83	$ 642,94	$ 133,70	$ 167,41
26/12/2020	$ 24.806,03	$ 630,16	$ 130,29	$ 163,94
25/12/2020	$ 23.594,56	$ 609,01	$ 109,40	$ 153,53
24/12/2020	$ 23.020,43	$ 578,77	$ 103,74	$ 150,52
23/12/2020	$ 23.445,05	$ 617,71	$ 110,41	$ 154,17
22/12/2020	$ 22.943,66	$ 612,33	$ 105,51	$ 146,77
21/12/2020	$ 23.885,57	$ 643,86	$ 117,25	$ 152,52
20/12/2020	$ 23.434,55	$ 648,31	$ 120,79	$ 153,84
19/12/2020	$ 23.045,84	$ 655,27	$ 108,07	$ 157,19
18/12/2020	$ 22.876,32	$ 642,58	$ 107,04	$ 155,34
17/12/2020	$ 21.786,81	$ 637,68	$ 91,52	$ 155,99
16/12/2020	$ 19.370,43	$ 583,68	$ 79,77	$ 150,08
15/12/2020	$ 19.187,86	$ 583,42	$ 81,71	$ 152,27
14/12/2020	$ 19.129,39	$ 585,43	$ 81,00	$ 152,32
13/12/2020	$ 18.860,52	$ 568,24	$ 75,96	$ 145,15
12/12/2020	$ 18.377,08	$ 559,99	$ 75,35	$ 146,39
11/12/2020	$ 17.968,40	$ 545,53	$ 71,88	$ 132,05
10/12/2020	$ 18.416,22	$ 567,18	$ 76,50	$ 132,74
9/12/2020	$ 18.163,03	$ 547,33	$ 75,51	$ 130,45
8/12/2020	$ 19.182,36	$ 589,98	$ 83,26	$ 140,07
7/12/2020	$ 19.294,64	$ 595,20	$ 83,51	$ 138,58
6/12/2020	$ 19.191,83	$ 598,83	$ 83,89	$ 132,79
5/12/2020	$ 18.893,79	$ 579,80	$ 81,50	$ 127,80
4/12/2020	$ 19.307,02	$ 606,61	$ 87,56	$ 134,02
3/12/2020	$ 19.052,50	$ 593,37	$ 87,57	$ 127,78
2/12/2020	$ 18.559,38	$ 583,08	$ 84,96	$ 126,72
1/12/2020	$ 19.405,51	$ 604,36	$ 89,29	$ 127,92
30/11/2020	$ 18.543,43	$ 585,12	$ 79,43	$ 123,78
29/11/2020	$ 17.779,96	$ 539,46	$ 74,03	$ 123,24
28/11/2020	$ 16.983,49	$ 513,16	$ 69,30	$ 115,09
27/11/2020	$ 17.090,85	$ 520,85	$ 71,39	$ 116,64
26/11/2020	$ 17.687,27	$ 520,22	$ 74,76	$ 119,21
25/11/2020	$ 18.693,11	$ 582,13	$ 85,54	$ 131,54
24/11/2020	$ 18.443,90	$ 619,08	$ 91,87	$ 135,27
23/11/2020	$ 18.471,56	$ 582,10	$ 85,24	$ 125,23
22/11/2020	$ 18.587,42	$ 547,44	$ 84,85	$ 125,09
21/11/2020	$ 18.584,46	$ 505,22	$ 80,93	$ 120,01
20/11/2020	$ 18.195,10	$ 486,60	$ 82,11	$ 119,76
19/11/2020	$ 17.862,50	$ 476,92	$ 73,94	$ 121,41
18/11/2020	$ 18.373,77	$ 493,85	$ 75,31	$ 123,99
17/11/2020	$ 16.680,15	$ 465,96	$ 74,11	$ 119,49
16/11/2020	$ 16.037,35	$ 450,95	$ 66,41	$ 115,78
15/11/2020	$ 15.941,52	$ 459,38	$ 62,89	$ 117,01
14/11/2020	$ 16.148,47	$ 469,07	$ 64,04	$ 114,26
13/11/2020	$ 16.412,77	$ 463,88	$ 62,15	$ 112,17
12/11/2020	$ 15.679,83	$ 459,36	$ 58,73	$ 114,57
11/11/2020	$ 15.386,61	$ 460,76	$ 59,37	$ 116,29
10/11/2020	$ 15.394,75	$ 451,29	$ 59,28	$ 117,61
9/11/2020	$ 15.392,30	$ 451,30	$ 60,07	$ 117,77
8/11/2020	$ 15.001,50	$ 438,37	$ 59,40	$ 112,32
7/11/2020	$ 15.525,70	$ 458,20	$ 63,29	$ 121,52
6/11/2020	$ 15.544,20	$ 429,64	$ 60,94	$ 116,83
5/11/2020	$ 14.299,20	$ 403,47	$ 55,51	$ 115,12
4/11/2020	$ 13.906,90	$ 385,72	$ 53,90	$ 119,35
3/11/2020	$ 13.424,30	$ 374,30	$ 52,17	$ 118,36
2/11/2020	$ 13.704,60	$ 398,74	$ 55,68	$ 125,08
1/11/2020	$ 13.683,90	$ 386,33	$ 55,17	$ 125,83
31/10/2020	$ 13.522,30	$ 383,50	$ 54,32	$ 122,71
30/10/2020	$ 13.431,80	$ 384,45	$ 54,18	$ 120,97
29/10/2020	$ 13.249,60	$ 390,81	$ 56,06	$ 126,12
28/10/2020	$ 13.755,00	$ 405,83	$ 59,73	$ 133,09
27/10/2020	$ 13.131,80	$ 394,67	$ 57,08	$ 135,38
26/10/2020	$ 13.119,00	$ 408,41	$ 58,29	$ 137,11
25/10/2020	$ 13.311,50	$ 416,85	$ 58,75	$ 129,64
24/10/2020	$ 12.982,20	$ 411,97	$ 55,53	$ 126,11
23/10/2020	$ 12.977,70	$ 414,04	$ 54,72	$ 124,02
22/10/2020	$ 12.737,70	$ 393,03	$ 54,87	$ 120,34
21/10/2020	$ 12.199,80	$ 378,66	$ 49,24	$ 122,41
20/10/2020	$ 11.747,50	$ 380,18	$ 48,28	$ 126,85
19/10/2020	$ 11.423,80	$ 373,10	$ 46,91	$ 122,76
18/10/2020	$ 11.379,20	$ 368,80	$ 47,10	$ 120,16
17/10/2020	$ 11.371,00	$ 368,53	$ 47,66	$ 120,76
16/10/2020	$ 11.513,60	$ 378,21	$ 49,79	$ 128,38
15/10/2020	$ 11.384,80	$ 376,70	$ 49,64	$ 127,60
14/10/2020	$ 11.398,00	$ 381,74	$ 50,02	$ 133,14
13/10/2020	$ 11.458,60	$ 382,85	$ 50,06	$ 128,61
12/10/2020	$ 11.390,40	$ 374,21	$ 50,07	$ 128,83
11/10/2020	$ 11.335,50	$ 370,67	$ 49,15	$ 115,40
10/10/2020	$ 11.415,00	$ 376,15	$ 49,92	$ 116,78
9/10/2020	$ 10.894,40	$ 350,27	$ 46,98	$ 110,11
8/10/2020	$ 10.647,00	$ 339,41	$ 46,41	$ 110,65
7/10/2020	$ 10.579,60	$ 337,07	$ 45,63	$ 103,78
6/10/2020	$ 10.770,00	$ 353,95	$ 46,62	$ 112,97
5/10/2020	$ 10.676,20	$ 352,18	$ 46,28	$ 105,38
4/10/2020	$ 10.554,40	$ 346,12	$ 45,53	$ 102,23
3/10/2020	$ 10.557,30	$ 348,29	$ 45,41	$ 102,75
2/10/2020	$ 10.647,30	$ 353,16	$ 46,59	$ 103,78
1/10/2020	$ 10.801,60	$ 362,45	$ 46,49	$ 111,40
30/9/2020	$ 10.748,50	$ 355,71	$ 45,51	$ 99,00
29/9/2020	$ 10.691,90	$ 353,05	$ 45,50	$ 95,65
28/9/2020	$ 10.891,60	$ 358,12	$ 46,71	$ 97,63
27/9/2020	$ 10.787,90	$ 359,73	$ 46,23	$ 95,82
26/9/2020	$ 10.716,50	$ 351,02	$ 45,99	$ 93,76
25/9/2020	$ 10.672,30	$ 345,19	$ 44,47	$ 92,26
24/9/2020	$ 10.307,00	$ 324,88	$ 43,52	$ 88,51
23/9/2020	$ 10.480,80	$ 341,18	$ 44,29	$ 92,20
22/9/2020	$ 10.449,70	$ 343,19	$ 43,48	$ 89,89
21/9/2020	$ 10.966,40	$ 375,02	$ 47,12	$ 93,34
20/9/2020	$ 10.951,20	$ 381,54	$ 48,13	$ 93,15
19/9/2020	$ 10.980,10	$ 383,10	$ 48,33	$ 92,34
18/9/2020	$ 10.930,00	$ 387,65	$ 48,68	$ 92,98
17/9/2020	$ 10.876,90	$ 377,10	$ 48,28	$ 87,94
16/9/2020	$ 10.784,20	$ 359,77	$ 47,98	$ 90,77
15/9/2020	$ 10.760,40	$ 376,21	$ 49,62	$ 91,10
14/9/2020	$ 10.360,80	$ 365,76	$ 48,00	$ 85,14
13/9/2020	$ 10.559,20	$ 389,00	$ 50,92	$ 87,45
12/9/2020	$ 10.354,00	$ 369,52	$ 48,88	$ 83,71
11/9/2020	$ 10.224,90	$ 357,36	$ 47,62	$ 83,16
10/9/2020	$ 10.381,00	$ 370,71	$ 49,13	$ 85,54
9/9/2020	$ 10.031,70	$ 334,09	$ 46,91	$ 82,73
8/9/2020	$ 10.310,50	$ 348,91	$ 48,62	$ 83,23
7/9/2020	$ 10.212,30	$ 348,28	$ 47,79	$ 79,52
6/9/2020	$ 10.179,90	$ 328,35	$ 47,30	$ 76,73
5/9/2020	$ 10.418,90	$ 387,45	$ 50,07	$ 82,58
4/9/2020	$ 10.276,10	$ 383,60	$ 48,24	$ 79,33
3/9/2020	$ 11.366,40	$ 443,35	$ 57,55	$ 90,03
2/9/2020	$ 11.839,90	$ 470,25	$ 62,39	$ 95,81
1/9/2020	$ 11.695,40	$ 443,87	$ 61,72	$ 93,84
31/8/2020	$ 11.685,90	$ 425,25	$ 62,35	$ 95,79
30/8/2020	$ 11.617,90	$ 405,18	$ 58,76	$ 93,54
29/8/2020	$ 11.507,30	$ 394,75	$ 57,52	$ 95,11
28/8/2020	$ 11.383,30	$ 387,43	$ 56,58	$ 90,88
27/8/2020	$ 11.392,50	$ 384,34	$ 57,92	$ 88,81
26/8/2020	$ 11.371,00	$ 386,34	$ 58,01	$ 89,22
25/8/2020	$ 11.674,30	$ 401,49	$ 61,03	$ 92,85
24/8/2020	$ 11.684,10	$ 393,23	$ 61,52	$ 91,37
23/8/2020	$ 11.603,00	$ 389,99	$ 58,86	$ 92,86
22/8/2020	$ 11.475,90	$ 385,64	$ 59,33	$ 92,23
21/8/2020	$ 11.868,60	$ 416,04	$ 63,74	$ 102,77
20/8/2020	$ 11.705,40	$ 407,22	$ 62,09	$ 91,86
19/8/2020	$ 11.845,00	$ 415,80	$ 62,71	$ 92,11
18/8/2020	$ 12.313,90	$ 430,59	$ 67,09	$ 93,16
17/8/2020	$ 11.848,10	$ 425,90	$ 63,51	$ 90,28
16/8/2020	$ 11.929,70	$ 426,97	$ 61,48	$ 90,76
15/8/2020	$ 11.897,80	$ 439,62	$ 57,74	$ 90,66
14/8/2020	$ 11.743,20	$ 421,67	$ 56,31	$ 90,97
13/8/2020	$ 11.576,30	$ 394,75	$ 54,65	$ 89,58
12/8/2020	$ 11.372,80	$ 377,15	$ 53,68	$ 86,53
11/8/2020	$ 11.838,30	$ 394,45	$ 58,50	$ 93,84
10/8/2020	$ 12.027,80	$ 397,85	$ 58,26	$ 94,46
9/8/2020	$ 11.745,00	$ 395,46	$ 58,09	$ 93,59
8/8/2020	$ 11.557,30	$ 378,35	$ 56,80	$ 92,06
7/8/2020	$ 11.831,80	$ 395,77	$ 59,59	$ 93,80
6/8/2020	$ 11.658,50	$ 395,86	$ 58,39	$ 89,33
5/8/2020	$ 11.240,80	$ 389,27	$ 57,51	$ 87,32
4/8/2020	$ 11.265,10	$ 391,13	$ 58,32	$ 87,70
3/8/2020	$ 11.133,80	$ 379,25	$ 57,19	$ 85,50
2/8/2020	$ 11.996,80	$ 407,65	$ 64,96	$ 90,61
1/8/2020	$ 11.370,30	$ 352,43	$ 59,40	$ 84,54
31/7/2020	$ 10.990,90	$ 329,38	$ 56,00	$ 81,09
30/7/2020	$ 11.001,80	$ 316,53	$ 54,74	$ 79,50
29/7/2020	$ 10.984,00	$ 316,67	$ 56,18	$ 82,17
28/7/2020	$ 10.985,90	$ 319,64	$ 53,52	$ 81,72
27/7/2020	$ 10.266,40	$ 325,50	$ 48,76	$ 77,81
26/7/2020	$ 9.683,74	$ 303,15	$ 48,68	$ 75,62
25/7/2020	$ 9.588,80	$ 283,17	$ 47,01	$ 72,54
24/7/2020	$ 9.567,65	$ 274,40	$ 44,82	$ 72,57
23/7/2020	$ 9.508,16	$ 264,24	$ 45,04	$ 71,18
22/7/2020	$ 9.367,03	$ 244,67	$ 43,95	$ 70,09
21/7/2020	$ 9.180,60	$ 237,04	$ 42,33	$ 70,00
20/7/2020	$ 9.190,28	$ 238,82	$ 42,68	$ 69,55
19/7/2020	$ 9.159,37	$ 235,08	$ 42,33	$ 68,11
18/7/2020	$ 9.139,76	$ 233,05	$ 41,90	$ 67,49
17/7/2020	$ 9.115,40	$ 233,11	$ 41,98	$ 67,45
16/7/2020	$ 9.195,58	$ 238,21	$ 43,16	$ 71,24
15/7/2020	$ 9.233,80	$ 239,20	$ 43,49	$ 67,73
14/7/2020	$ 9.216,31	$ 238,64	$ 43,45	$ 68,39
13/7/2020	$ 9.273,41	$ 241,66	$ 44,64	$ 69,61
12/7/2020	$ 9.276,42	$ 240,98	$ 45,07	$ 69,54
11/7/2020	$ 9.266,92	$ 240,53	$ 44,40	$ 67,82
10/7/2020	$ 9.217,94	$ 240,39	$ 44,23	$ 66,34
9/7/2020	$ 9.388,99	$ 244,92	$ 44,89	$ 65,84
8/7/2020	$ 9.305,82	$ 241,70	$ 44,75	$ 65,75
7/7/2020	$ 9.298,26	$ 239,36	$ 43,76	$ 64,50
6/7/2020	$ 9.093,19	$ 228,12	$ 41,75	$ 63,17
5/7/2020	$ 9.135,07	$ 228,31	$ 41,86	$ 64,40
4/7/2020	$ 9.087,39	$ 226,17	$ 41,62	$ 63,55
3/7/2020	$ 9.093,86	$ 226,42	$ 41,19	$ 65,09
2/7/2020	$ 9.243,59	$ 231,08	$ 41,66	$ 64,77
1/7/2020	$ 9.137,59	$ 225,41	$ 41,25	$ 63,87
30/6/2020	$ 9.162,95	$ 227,65	$ 41,67	$ 64,16
29/6/2020	$ 9.098,01	$ 224,43	$ 41,11	$ 63,17
28/6/2020	$ 8.970,62	$ 219,22	$ 40,78	$ 62,36
27/6/2020	$ 9.155,11	$ 229,48	$ 42,82	$ 64,83
26/6/2020	$ 9.240,06	$ 232,13	$ 42,37	$ 64,29
25/6/2020	$ 9.087,63	$ 229,40	$ 41,94	$ 63,71
24/6/2020	$ 9.645,90	$ 245,73	$ 44,29	$ 67,15
23/6/2020	$ 9.653,11	$ 242,72	$ 44,14	$ 65,94
22/6/2020	$ 9.381,18	$ 234,21	$ 43,54	$ 65,63
21/6/2020	$ 9.370,97	$ 229,60	$ 43,49	$ 64,63
20/6/2020	$ 9.325,60	$ 230,14	$ 43,05	$ 64,42
19/6/2020	$ 9.269,68	$ 227,43	$ 42,97	$ 63,53
18/6/2020	$ 9.421,88	$ 233,39	$ 43,90	$ 65,62
17/6/2020	$ 9.454,76	$ 232,91	$ 43,68	$ 65,74
16/6/2020	$ 9.568,43	$ 233,31	$ 44,01	$ 65,33
15/6/2020	$ 9.153,97	$ 225,46	$ 43,01	$ 63,92
14/6/2020	$ 9.434,33	$ 237,61	$ 44,69	$ 66,17
13/6/2020	$ 9.412,02	$ 235,64	$ 44,42	$ 65,35
12/6/2020	$ 9.353,68	$ 233,35	$ 43,55	$ 64,20
11/6/2020	$ 9.896,48	$ 248,44	$ 46,63	$ 69,65
10/6/2020	$ 9.759,75	$ 243,76	$ 45,84	$ 67,55
9/6/2020	$ 9.683,45	$ 243,27	$ 46,00	$ 67,81
8/6/2020	$ 9.725,87	$ 244,13	$ 46,68	$ 66,58
7/6/2020	$ 9.686,03	$ 242,82	$ 46,72	$ 67,88
6/6/2020	$ 9.628,50	$ 240,30	$ 46,64	$ 67,57
5/6/2020	$ 9.788,16	$ 243,66	$ 47,47	$ 68,48
4/6/2020	$ 9.670,86	$ 245,62	$ 48,03	$ 67,73
3/6/2020	$ 9.489,30	$ 236,11	$ 45,83	$ 66,40
2/6/2020	$ 10.094,94	$ 247,25	$ 48,62	$ 68,11
1/6/2020	$ 9.549,13	$ 238,54	$ 46,26	$ 65,63
31/5/2020	$ 9.586,92	$ 237,41	$ 46,40	$ 66,73
30/5/2020	$ 9.385,01	$ 222,33	$ 44,69	$ 65,81
29/5/2020	$ 9.520,11	$ 221,73	$ 44,92	$ 67,25
28/5/2020	$ 9.167,98	$ 207,34	$ 43,62	$ 64,02
27/5/2020	$ 8.834,21	$ 201,79	$ 42,43	$ 62,06
26/5/2020	$ 8.906,21	$ 204,11	$ 42,88	$ 62,20
25/5/2020	$ 8.787,37	$ 202,25	$ 42,64	$ 61,04
24/5/2020	$ 9.198,95	$ 209,08	$ 44,24	$ 63,38
23/5/2020	$ 9.293,48	$ 209,86	$ 44,42	$ 63,59
22/5/2020	$ 8.981,83	$ 197,00	$ 42,44	$ 61,30
21/5/2020	$ 9.467,86	$ 208,95	$ 44,06	$ 64,17
20/5/2020	$ 9.721,05	$ 212,89	$ 45,64	$ 66,22
19/5/2020	$ 9.525,01	$ 211,65	$ 44,31	$ 65,19
18/5/2020	$ 9.859,73	$ 214,48	$ 45,78	$ 67,35
17/5/2020	$ 9.539,70	$ 201,89	$ 43,53	$ 65,19
16/5/2020	$ 9.412,00	$ 198,75	$ 43,36	$ 63,70
15/5/2020	$ 9.482,23	$ 199,47	$ 43,18	$ 64,58
14/5/2020	$ 9.356,65	$ 199,15	$ 43,04	$ 64,70
13/5/2020	$ 8.914,69	$ 190,85	$ 42,42	$ 62,80
12/5/2020	$ 8.718,22	$ 188,62	$ 41,85	$ 60,38
11/5/2020	$ 8.702,76	$ 190,19	$ 41,91	$ 59,20
10/5/2020	$ 8.634,09	$ 186,08	$ 41,89	$ 56,46
9/5/2020	$ 9.867,88	$ 213,91	$ 48,55	$ 64,61
8/5/2020	$ 9.937,74	$ 213,09	$ 47,46	$ 65,03
7/5/2020	$ 9.301,85	$ 206,07	$ 45,93	$ 58,99
6/5/2020	$ 8.983,87	$ 204,65	$ 46,68	$ 59,84
5/5/2020	$ 8.864,34	$ 206,26	$ 46,86	$ 61,29
4/5/2020	$ 8.735,78	$ 203,72	$ 46,64	$ 60,69
3/5/2020	$ 9.143,29	$ 218,21	$ 49,74	$ 64,69
2/5/2020	$ 8.841,41	$ 213,25	$ 47,33	$ 64,04
1/5/2020	$ 8.672,32	$ 208,78	$ 46,83	$ 63,42
30/4/2020	$ 9.287,68	$ 225,75	$ 50,69	$ 67,63
29/4/2020	$ 7.821,01	$ 198,36	$ 45,89	$ 62,44
28/4/2020	$ 7.711,33	$ 194,30	$ 43,96	$ 61,86
27/4/2020	$ 7.739,61	$ 197,25	$ 44,81	$ 62,41
26/4/2020	$ 7.573,69	$ 195,03	$ 44,71	$ 60,89
25/4/2020	$ 7.527,69	$ 188,30	$ 44,77	$ 60,67
24/4/2020	$ 7.530,01	$ 188,42	$ 43,52	$ 60,37
23/4/2020	$ 7.122,92	$ 182,94	$ 41,50	$ 56,97
22/4/2020	$ 6.874,78	$ 171,70	$ 40,69	$ 55,34
21/4/2020	$ 6.868,99	$ 172,06	$ 40,38	$ 54,96
20/4/2020	$ 7.178,36	$ 184,29	$ 42,98	$ 58,10
19/4/2020	$ 7.242,24	$ 187,20	$ 44,05	$ 58,27
18/4/2020	$ 7.102,64	$ 173,25	$ 42,67	$ 57,02
17/4/2020	$ 7.093,34	$ 171,70	$ 42,39	$ 57,11
16/4/2020	$ 6.663,72	$ 153,18	$ 38,99	$ 53,26
15/4/2020	$ 6.914,76	$ 160,08	$ 41,60	$ 54,85
14/4/2020	$ 6.899,38	$ 157,70	$ 41,53	$ 53,46
13/4/2020	$ 6.691,96	$ 152,59	$ 40,06	$ 51,88
12/4/2020	$ 6.825,21	$ 155,98	$ 42,14	$ 53,26
11/4/2020	$ 6.921,77	$ 160,28	$ 42,84	$ 54,46
10/4/2020	$ 7.184,54	$ 163,60	$ 45,40	$ 57,26
9/4/2020	$ 7.294,27	$ 170,42	$ 45,88	$ 57,16
8/4/2020	$ 7.354,88	$ 172,07	$ 46,56	$ 57,69
7/4/2020	$ 7.332,70	$ 171,25	$ 45,70	$ 57,92
6/4/2020	$ 6.853,68	$ 144,26	$ 40,62	$ 54,27
5/4/2020	$ 6.810,28	$ 144,17	$ 40,69	$ 53,86
4/4/2020	$ 6.708,40	$ 140,02	$ 40,25	$ 52,49
3/4/2020	$ 6.789,60	$ 141,77	$ 40,35	$ 51,14
2/4/2020	$ 6.624,64	$ 136,75	$ 39,55	$ 48,22
1/4/2020	$ 6.380,99	$ 132,49	$ 38,87	$ 47,34
31/3/2020	$ 6.448,46	$ 132,26	$ 38,88	$ 46,13
30/3/2020	$ 6.013,73	$ 127,01	$ 37,73	$ 44,22
29/3/2020	$ 6.218,01	$ 130,21	$ 38,60	$ 46,10
28/3/2020	$ 6.181,14	$ 128,20	$ 37,53	$ 45,68
27/3/2020	$ 6.754,91	$ 138,68	$ 40,44	$ 49,72
26/3/2020	$ 6.711,70	$ 137,46	$ 39,66	$ 48,17
25/3/2020	$ 6.633,16	$ 137,44	$ 39,74	$ 46,38
24/3/2020	$ 6.450,93	$ 133,88	$ 38,65	$ 43,87
23/3/2020	$ 5.908,71	$ 124,98	$ 36,63	$ 39,21
22/3/2020	$ 6.307,55	$ 135,04	$ 39,34	$ 42,12
21/3/2020	$ 6.174,38	$ 132,13	$ 38,09	$ 40,14
20/3/2020	$ 6.204,65	$ 136,97	$ 38,99	$ 41,34
19/3/2020	$ 5.315,91	$ 116,54	$ 34,24	$ 36,67
18/3/2020	$ 5.437,13	$ 118,01	$ 34,87	$ 36,76
17/3/2020	$ 5.279,55	$ 116,71	$ 34,68	$ 36,18
16/3/2020	$ 5.230,51	$ 120,71	$ 35,22	$ 36,62
15/3/2020	$ 5.247,31	$ 122,12	$ 34,93	$ 36,40
14/3/2020	$ 5.538,82	$ 132,69	$ 36,84	$ 37,46
13/3/2020	$ 4.845,48	$ 111,08	$ 29,42	$ 32,33
12/3/2020	$ 7.626,74	$ 181,57	$ 45,32	$ 50,87
11/3/2020	$ 7.911,95	$ 200,87	$ 50,21	$ 54,91
10/3/2020	$ 7.939,90	$ 203,42	$ 50,41	$ 55,44
9/3/2020	$ 7.877,65	$ 201,09	$ 50,25	$ 54,39
8/3/2020	$ 8.753,54	$ 231,41	$ 58,95	$ 64,68
7/3/2020	$ 9.097,41	$ 243,90	$ 63,28	$ 68,53
6/3/2020	$ 9.063,50	$ 229,40	$ 61,66	$ 67,95
5/3/2020	$ 8.918,00	$ 227,21	$ 60,91	$ 68,01
4/3/2020	$ 8.833,69	$ 227,74	$ 61,71	$ 67,56
3/3/2020	$ 8.852,19	$ 229,96	$ 60,94	$ 68,48
2/3/2020	$ 8.649,24	$ 221,30	$ 58,28	$ 65,69
1/3/2020	$ 8.583,42	$ 222,60	$ 59,17	$ 67,11
29/2/2020	$ 8.764,03	$ 232,18	$ 60,89	$ 68,72
28/2/2020	$ 8.842,16	$ 229,60	$ 61,94	$ 70,75
27/2/2020	$ 8.715,60	$ 218,27	$ 60,26	$ 69,22
26/2/2020	$ 9.166,95	$ 240,29	$ 68,46	$ 74,06
25/2/2020	$ 9.573,97	$ 261,22	$ 74,16	$ 78,11
24/2/2020	$ 9.769,29	$ 267,98	$ 76,65	$ 83,19
23/2/2020	$ 9.872,56	$ 266,72	$ 77,03	$ 81,50
22/2/2020	$ 9.674,89	$ 262,96	$ 74,63	$ 81,83
21/2/2020	$ 9.715,98	$ 262,43	$ 72,29	$ 79,23
20/2/2020	$ 9.575,27	$ 260,30	$ 71,03	$ 77,71
19/2/2020	$ 10.129,40	$ 279,01	$ 77,33	$ 85,48
18/2/2020	$ 9.794,84	$ 268,42	$ 74,00	$ 82,65
17/2/2020	$ 9.761,55	$ 246,54	$ 69,91	$ 89,02
16/2/2020	$ 10.003,10	$ 272,46	$ 79,23	$ 88,55
15/2/2020	$ 10.243,70	$ 280,72	$ 80,63	$ 94,79
14/2/2020	$ 10.194,90	$ 265,10	$ 80,41	$ 92,60
13/2/2020	$ 10.455,00	$ 272,51	$ 83,29	$ 94,99
12/2/2020	$ 10.341,40	$ 248,75	$ 79,12	$ 89,93
11/2/2020	$ 9.761,38	$ 219,02	$ 73,28	$ 84,81
10/2/2020	$ 9.881,91	$ 223,55	$ 74,58	$ 87,12
9/2/2020	$ 10.110,30	$ 228,43	$ 77,45	$ 80,86
8/2/2020	$ 9.770,27	$ 220,76	$ 73,53	$ 79,63
7/2/2020	$ 9.775,13	$ 220,99	$ 73,25	$ 78,10
6/2/2020	$ 9.831,30	$ 213,49	$ 73,81	$ 77,61
5/2/2020	$ 9.834,81	$ 213,71	$ 73,88	$ 75,09
4/2/2020	$ 9.249,76	$ 187,34	$ 68,39	$ 76,86
3/2/2020	$ 9.540,01	$ 200,01	$ 72,43	$ 74,65
2/2/2020	$ 9.533,64	$ 199,80	$ 72,42	$ 73,09
1/2/2020	$ 9.411,54	$ 183,61	$ 70,96	$ 71,87
31/1/2020	$ 9.271,35	$ 178,05	$ 67,16	$ 74,80
30/1/2020	$ 9.319,58	$ 177,22	$ 67,28	$ 69,75
29/1/2020	$ 9.355,41	$ 176,35	$ 60,28	$ 67,66
28/1/2020	$ 8.980,87	$ 171,23	$ 58,23	$ 65,37
27/1/2020	$ 8.619,23	$ 166,63	$ 56,29	$ 63,74
26/1/2020	$ 8.584,68	$ 165,28	$ 55,93	$ 61,53
25/1/2020	$ 8.337,65	$ 155,14	$ 53,23	$ 61,65
24/1/2020	$ 8.457,95	$ 161,13	$ 54,45	$ 62,27
23/1/2020	$ 8.302,82	$ 159,67	$ 53,03	$ 64,93
22/1/2020	$ 8.631,24	$ 167,40	$ 58,03	$ 65,89
21/1/2020	$ 8.642,57	$ 168,32	$ 57,48	$ 64,91
20/1/2020	$ 8.727,32	$ 168,98	$ 57,36	$ 65,00
19/1/2020	$ 9.116,93	$ 174,36	$ 60,59	$ 67,15
18/1/2020	$ 8.959,68	$ 172,65	$ 62,17	$ 69,08
17/1/2020	$ 8.928,47	$ 171,59	$ 61,30	$ 65,64
16/1/2020	$ 8.621,61	$ 160,91	$ 56,18	$ 68,39
15/1/2020	$ 8.743,12	$ 163,38	$ 57,44	$ 62,80
14/1/2020	$ 8.725,63	$ 161,20	$ 57,24	$ 57,83
13/1/2020	$ 8.115,98	$ 143,65	$ 49,71	$ 59,15
12/1/2020	$ 8.047,41	$ 142,96	$ 49,87	$ 58,22
11/1/2020	$ 8.164,03	$ 143,19	$ 49,07	$ 58,54
10/1/2020	$ 8.161,36	$ 143,61	$ 48,97	$ 58,84
9/1/2020	$ 7.793,22	$ 137,03	$ 44,30	$ 59,28
8/1/2020	$ 8.025,46	$ 139,17	$ 45,38	$ 58,60
7/1/2020	$ 8.104,83	$ 143,64	$ 46,50	$ 58,83
6/1/2020	$ 7.514,34	$ 138,90	$ 44,26	$ 53,60
5/1/2020	$ 7.542,33	$ 141,36	$ 44,89	$ 50,30
4/1/2020	$ 7.323,85	$ 133,73	$ 42,08	$ 50,85
3/1/2020	$ 6.954,92	$ 126,96	$ 39,36	$ 45,34
2/1/2020	$ 7.323,95	$ 133,71	$ 42,08	$ 45,78
1/1/2020	$ 7.208,67	$ 129,87	$ 41,44	$ 44,59
31/12/2019	$ 7.246,07	$ 131,44	$ 42,57	$ 46,03
30/12/2019	$ 7.221,32	$ 131,00	$ 42,09	$ 46,58
29/12/2019	$ 7.422,10	$ 133,42	$ 43,48	$ 45,49
28/12/2019	$ 7.330,69	$ 128,83	$ 43,37	$ 45,06
27/12/2019	$ 7.196,13	$ 125,18	$ 40,53	$ 45,22
26/12/2019	$ 7.260,28	$ 127,69	$ 40,79	$ 46,04
25/12/2019	$ 7.227,73	$ 126,03	$ 40,00	$ 45,91
24/12/2019	$ 7.248,87	$ 125,59	$ 40,20	$ 47,19
23/12/2019	$ 7.461,26	$ 129,71	$ 41,30	$ 47,40
22/12/2019	$ 7.146,87	$ 127,37	$ 39,76	$ 45,18
21/12/2019	$ 7.184,29	$ 127,34	$ 39,95	$ 46,74
20/12/2019	$ 7.184,27	$ 127,33	$ 39,95	$ 47,44
19/12/2019	$ 7.153,23	$ 127,58	$ 40,03	$ 47,79
18/12/2019	$ 7.143,41	$ 130,24	$ 40,31	$ 45,00
17/12/2019	$ 6.873,09	$ 130,94	$ 39,51	$ 49,22
16/12/2019	$ 7.087,89	$ 142,05	$ 43,32	$ 50,68
15/12/2019	$ 7.087,93	$ 142,06	$ 43,32	$ 51,27
14/12/2019	$ 7.080,60	$ 142,05	$ 43,37	$ 52,43
13/12/2019	$ 7.279,90	$ 144,98	$ 44,43	$ 53,05
12/12/2019	$ 7.216,57	$ 143,19	$ 43,69	$ 52,89
11/12/2019	$ 7.249,29	$ 145,93	$ 44,16	$ 52,64
10/12/2019	$ 7.216,39	$ 143,19	$ 43,68	$ 53,76
9/12/2019	$ 7.337,13	$ 147,24	$ 44,37	$ 53,82
8/12/2019	$ 7.507,18	$ 147,89	$ 45,29	$ 54,27
7/12/2019	$ 7.565,72	$ 149,03	$ 45,66	$ 54,18
6/12/2019	$ 7.555,76	$ 149,09	$ 46,01	$ 53,53
5/12/2019	$ 7.371,38	$ 147,38	$ 44,73	$ 52,63
4/12/2019	$ 7.482,98	$ 149,70	$ 45,92	$ 53,29
3/12/2019	$ 7.334,36	$ 148,02	$ 45,19	$ 53,96
2/12/2019	$ 7.280,44	$ 147,65	$ 45,33	$ 53,48
1/12/2019	$ 7.561,38	$ 152,10	$ 47,46	$ 54,76
30/11/2019	$ 7.385,93	$ 151,30	$ 47,73	$ 55,70
29/11/2019	$ 7.770,94	$ 155,23	$ 48,63	$ 53,89
28/11/2019	$ 7.616,81	$ 154,19	$ 47,72	$ 55,71
27/11/2019	$ 7.556,67	$ 153,82	$ 47,91	$ 51,27
26/11/2019	$ 7.072,72	$ 144,80	$ 46,05	$ 50,12
25/11/2019	$ 7.301,67	$ 149,92	$ 47,00	$ 47,60
24/11/2019	$ 7.021,90	$ 144,86	$ 45,06	$ 51,63
23/11/2019	$ 7.285,12	$ 152,67	$ 48,13	$ 51,27
22/11/2019	$ 7.153,56	$ 148,51	$ 46,75	$ 54,11
21/11/2019	$ 7.611,99	$ 160,07	$ 50,66	$ 57,86
20/11/2019	$ 8.084,57	$ 174,31	$ 54,71	$ 58,48
19/11/2019	$ 8.154,82	$ 177,02	$ 56,02	$ 58,68
18/11/2019	$ 8.156,21	$ 177,03	$ 56,02	$ 61,71
17/11/2019	$ 8.489,04	$ 182,33	$ 58,32	$ 61,62
16/11/2019	$ 8.489,02	$ 182,33	$ 58,33	$ 61,93
15/11/2019	$ 8.546,95	$ 181,86	$ 58,54	$ 65,10
14/11/2019	$ 8.458,63	$ 179,82	$ 57,27	$ 65,08
13/11/2019	$ 8.752,07	$ 185,77	$ 60,90	$ 62,26
12/11/2019	$ 8.738,49	$ 186,18	$ 61,16	$ 61,70
11/11/2019	$ 9.040,03	$ 189,56	$ 63,88	$ 63,96
10/11/2019	$ 9.055,53	$ 189,67	$ 64,11	$ 62,16
9/11/2019	$ 8.771,76	$ 184,18	$ 60,93	$ 60,74
8/11/2019	$ 8.802,68	$ 183,80	$ 59,92	$ 63,18
7/11/2019	$ 9.185,73	$ 185,80	$ 60,67	$ 64,03
6/11/2019	$ 9.312,90	$ 190,20	$ 63,49	$ 62,75
5/11/2019	$ 9.347,75	$ 190,53	$ 63,40	$ 63,02
4/11/2019	$ 9.435,78	$ 186,50	$ 61,48	$ 63,17
3/11/2019	$ 9.287,58	$ 183,97	$ 58,18	$ 62,21
2/11/2019	$ 9.284,38	$ 183,73	$ 58,13	$ 60,72
1/11/2019	$ 9.194,18	$ 182,10	$ 58,39	$ 59,01
31/10/2019	$ 9.128,86	$ 183,16	$ 58,20	$ 58,30
30/10/2019	$ 9.249,45	$ 186,92	$ 59,07	$ 59,53
29/10/2019	$ 9.259,42	$ 187,63	$ 59,11	$ 59,32
28/10/2019	$ 9.476,44	$ 184,94	$ 59,07	$ 59,56
27/10/2019	$ 9.681,26	$ 186,98	$ 60,41	$ 56,65
26/10/2019	$ 9.041,92	$ 178,05	$ 55,65	$ 58,90
25/10/2019	$ 8.391,45	$ 178,31	$ 56,24	$ 53,36
24/10/2019	$ 7.464,60	$ 161,31	$ 49,84	$ 52,87
23/10/2019	$ 7.473,36	$ 158,86	$ 49,12	$ 56,63
22/10/2019	$ 8.216,78	$ 172,88	$ 54,62	$ 57,71
21/10/2019	$ 8.198,07	$ 173,59	$ 54,50	$ 56,42
20/10/2019	$ 8.055,80	$ 173,99	$ 54,61	$ 54,41
19/10/2019	$ 8.005,04	$ 172,82	$ 54,00	$ 56,31
18/10/2019	$ 7.941,42	$ 172,68	$ 53,57	$ 55,93
17/10/2019	$ 8.087,65	$ 177,70	$ 54,22	$ 54,83
16/10/2019	$ 7.980,12	$ 174,05	$ 52,29	$ 52,03
15/10/2019	$ 8.391,35	$ 187,48	$ 57,20	$ 52,88
14/10/2019	$ 8.328,02	$ 183,61	$ 56,92	$ 53,41
13/10/2019	$ 8.342,58	$ 181,02	$ 55,87	$ 53,65
12/10/2019	$ 8.316,49	$ 183,36	$ 56,92	$ 53,99
11/10/2019	$ 8.588,40	$ 191,97	$ 57,62	$ 55,74
10/10/2019	$ 8.281,07	$ 181,22	$ 55,98	$ 57,17
9/10/2019	$ 8.603,53	$ 193,62	$ 59,19	$ 55,49
8/10/2019	$ 8.172,36	$ 178,97	$ 56,88	$ 56,14
7/10/2019	$ 8.278,47	$ 182,24	$ 58,56	$ 54,62
6/10/2019	$ 8.039,30	$ 174,19	$ 55,98	$ 56,45
5/10/2019	$ 8.100,27	$ 174,88	$ 56,49	$ 57,24
4/10/2019	$ 8.223,78	$ 178,89	$ 57,25	$ 57,33
3/10/2019	$ 8.164,66	$ 173,29	$ 56,00	$ 55,82
2/10/2019	$ 8.241,03	$ 176,54	$ 55,56	$ 55,86
1/10/2019	$ 8.390,70	$ 177,95	$ 56,19	$ 56,74
30/9/2019	$ 8.067,65	$ 169,98	$ 54,02	$ 55,78
29/9/2019	$ 8.247,49	$ 177,27	$ 55,54	$ 57,70
28/9/2019	$ 8.125,38	$ 173,26	$ 55,13	$ 57,54
27/9/2019	$ 7.963,40	$ 164,93	$ 54,17	$ 57,28
26/9/2019	$ 7.961,50	$ 161,56	$ 53,69	$ 59,65
25/9/2019	$ 8.393,42	$ 167,57	$ 55,51	$ 59,48
24/9/2019	$ 9.505,62	$ 191,83	$ 65,30	$ 68,50
23/9/2019	$ 9.866,14	$ 209,30	$ 72,63	$ 73,06
22/9/2019	$ 9.987,78	$ 209,28	$ 72,14	$ 72,54
21/9/2019	$ 9.974,88	$ 216,21	$ 73,04	$ 73,91
20/9/2019	$ 10.161,10	$ 216,95	$ 74,33	$ 75,85
19/9/2019	$ 9.863,42	$ 205,57	$ 73,81	$ 81,08
18/9/2019	$ 9.863,40	$ 205,57	$ 73,81	$ 74,14
17/9/2019	$ 10.243,20	$ 198,00	$ 72,73	$ 75,34
16/9/2019	$ 10.217,30	$ 200,23	$ 73,76	$ 75,42
15/9/2019	$ 10.326,80	$ 188,94	$ 70,00	$ 75,93
14/9/2019	$ 10.368,40	$ 185,65	$ 70,37	$ 76,77
13/9/2019	$ 10.234,70	$ 178,49	$ 67,72	$ 74,99
12/9/2019	$ 10.355,30	$ 179,91	$ 69,66	$ 74,15
11/9/2019	$ 10.057,10	$ 176,98	$ 68,74	$ 72,22
10/9/2019	$ 10.028,90	$ 178,10	$ 70,60	$ 74,96
9/9/2019	$ 10.421,90	$ 181,98	$ 70,47	$ 76,99
8/9/2019	$ 10.376,60	$ 183,35	$ 72,10	$ 78,01
7/9/2019	$ 10.348,90	$ 169,60	$ 64,90	$ 75,40
6/9/2019	$ 10.549,70	$ 173,72	$ 65,30	$ 75,75
5/9/2019	$ 10.382,00	$ 169,27	$ 65,09	$ 73,74
4/9/2019	$ 10.803,60	$ 178,04	$ 68,37	$ 74,87
3/9/2019	$ 10.657,50	$ 180,24	$ 69,03	$ 72,97
2/9/2019	$ 10.193,30	$ 178,09	$ 66,64	$ 70,96
1/9/2019	$ 9.585,70	$ 169,62	$ 64,81	$ 67,42
31/8/2019	$ 9.568,63	$ 166,69	$ 63,28	$ 68,19
30/8/2019	$ 9.540,51	$ 167,93	$ 64,19	$ 67,29
29/8/2019	$ 9.709,14	$ 173,23	$ 67,02	$ 72,33
28/8/2019	$ 9.530,68	$ 168,32	$ 64,48	$ 78,16
27/8/2019	$ 10.161,60	$ 187,92	$ 72,96	$ 79,36
26/8/2019	$ 10.325,30	$ 188,59	$ 73,68	$ 80,24
25/8/2019	$ 10.262,20	$ 186,35	$ 73,04	$ 80,43
24/8/2019	$ 9.995,73	$ 187,85	$ 72,30	$ 81,88
23/8/2019	$ 10.417,50	$ 195,34	$ 75,41	$ 82,08
22/8/2019	$ 10.096,10	$ 189,55	$ 73,76	$ 80,76
21/8/2019	$ 10.008,10	$ 184,05	$ 71,20	$ 85,59
20/8/2019	$ 10.615,00	$ 195,87	$ 73,92	$ 89,98
19/8/2019	$ 10.739,10	$ 201,47	$ 77,68	$ 87,70
18/8/2019	$ 10.390,90	$ 193,45	$ 76,16	$ 82,13
17/8/2019	$ 10.317,40	$ 184,62	$ 73,68	$ 82,24
16/8/2019	$ 10.094,00	$ 182,72	$ 74,10	$ 82,82
15/8/2019	$ 10.009,70	$ 183,89	$ 75,51	$ 78,20
14/8/2019	$ 10.262,20	$ 186,35	$ 73,04	$ 85,62
13/8/2019	$ 10.262,20	$ 186,35	$ 73,04	$ 91,06
12/8/2019	$ 10.262,20	$ 186,35	$ 73,04	$ 92,36
11/8/2019	$ 11.385,00	$ 210,10	$ 87,89	$ 90,54
10/8/2019	$ 10.262,20	$ 186,35	$ 73,04	$ 92,81
9/8/2019	$ 11.769,40	$ 210,90	$ 85,37	$ 95,17
8/8/2019	$ 11.708,60	$ 222,78	$ 88,70	$ 97,43
7/8/2019	$ 12.075,10	$ 229,03	$ 93,36	$ 89,64
6/8/2019	$ 11.735,80	$ 229,20	$ 94,84	$ 93,84
5/8/2019	$ 11.793,40	$ 231,18	$ 99,09	$ 88,02
4/8/2019	$ 10.797,90	$ 221,10	$ 93,91	$ 87,78
3/8/2019	$ 10.802,50	$ 222,98	$ 95,12	$ 83,81
2/8/2019	$ 10.592,40	$ 220,49	$ 97,21	$ 81,39
1/8/2019	$ 10.000,60	$ 213,14	$ 97,09	$ 80,80
31/7/2019	$ 9.966,26	$ 216,03	$ 95,73	$ 78,17
30/7/2019	$ 9.557,43	$ 209,62	$ 90,37	$ 78,27
29/7/2019	$ 9.512,67	$ 208,61	$ 89,14	$ 80,07
28/7/2019	$ 9.483,27	$ 207,73	$ 88,73	$ 78,61
27/7/2019	$ 9.428,46	$ 205,71	$ 88,09	$ 79,90
26/7/2019	$ 9.778,63	$ 215,71	$ 92,84	$ 80,68
25/7/2019	$ 9.976,72	$ 220,97	$ 94,05	$ 80,44
24/7/2019	$ 9.853,10	$ 213,90	$ 94,11	$ 81,30
23/7/2019	$ 9.980,78	$ 211,50	$ 89,72	$ 83,48
22/7/2019	$ 10.200,70	$ 215,38	$ 91,65	$ 83,79
21/7/2019	$ 10.400,40	$ 221,43	$ 97,31	$ 84,80
20/7/2019	$ 10.617,80	$ 227,09	$ 99,10	$ 82,02
19/7/2019	$ 10.328,20	$ 217,33	$ 96,58	$ 84,17
18/7/2019	$ 10.243,50	$ 224,35	$ 97,06	$ 76,99
17/7/2019	$ 9.700,94	$ 212,59	$ 90,09	$ 75,74
16/7/2019	$ 10.423,30	$ 216,95	$ 86,74	$ 90,41
15/7/2019	$ 10.554,60	$ 229,88	$ 91,32	$ 85,14
14/7/2019	$ 10.625,10	$ 237,68	$ 91,11	$ 93,50
13/7/2019	$ 11.321,10	$ 269,24	$ 102,07	$ 98,51
12/7/2019	$ 11.636,10	$ 272,97	$ 105,22	$ 89,35
11/7/2019	$ 11.763,00	$ 272,31	$ 102,97	$ 95,18
10/7/2019	$ 12.492,20	$ 292,38	$ 110,45	$ 98,91
9/7/2019	$ 12.320,70	$ 308,70	$ 119,64	$ 100,91
8/7/2019	$ 11.899,20	$ 308,67	$ 120,41	$ 106,89
7/7/2019	$ 11.351,10	$ 293,24	$ 118,72	$ 94,58
6/7/2019	$ 11.443,00	$ 295,42	$ 121,35	$ 90,04
5/7/2019	$ 11.368,50	$ 291,74	$ 119,57	$ 87,96
4/7/2019	$ 11.878,00	$ 296,23	$ 122,76	$ 90,37
3/7/2019	$ 11.403,40	$ 294,82	$ 119,88	$ 86,19
2/7/2019	$ 10.549,00	$ 286,96	$ 118,11	$ 88,92
1/7/2019	$ 10.226,60	$ 281,39	$ 116,34	$ 88,28
30/6/2019	$ 11.167,80	$ 296,66	$ 129,08	$ 100,15
29/6/2019	$ 11.927,10	$ 305,10	$ 127,62	$ 101,23
28/6/2019	$ 11.727,80	$ 304,19	$ 118,12	$ 95,14
27/6/2019	$ 11.942,50	$ 312,26	$ 118,51	$ 104,27
26/6/2019	$ 12.757,70	$ 343,71	$ 135,36	$ 112,91
25/6/2019	$ 11.278,40	$ 309,74	$ 132,72	$ 117,60
24/6/2019	$ 10.952,40	$ 310,18	$ 135,56	$ 115,53
23/6/2019	$ 10.733,50	$ 311,11	$ 140,56	$ 115,02
22/6/2019	$ 10.777,00	$ 307,96	$ 141,43	$ 109,17
21/6/2019	$ 9.821,16	$ 285,38	$ 137,07	$ 105,79
20/6/2019	$ 9.377,64	$ 269,57	$ 135,32	$ 100,86
19/6/2019	$ 9.075,75	$ 265,79	$ 137,01	$ 97,34
18/6/2019	$ 9.116,62	$ 266,32	$ 134,13	$ 97,63
17/6/2019	$ 9.401,48	$ 275,04	$ 136,51	$ 95,56
16/6/2019	$ 9.257,78	$ 273,00	$ 135,24	$ 94,55
15/6/2019	$ 8.702,76	$ 265,52	$ 136,04	$ 90,95
14/6/2019	$ 8.397,42	$ 257,17	$ 130,34	$ 90,07
13/6/2019	$ 8.165,46	$ 261,22	$ 135,70	$ 90,51
12/6/2019	$ 8.024,51	$ 249,80	$ 139,59	$ 86,65
11/6/2019	$ 7.831,32	$ 241,44	$ 128,12	$ 86,81
10/6/2019	$ 7.961,21	$ 244,54	$ 126,77	$ 83,63
9/6/2019	$ 7.804,67	$ 240,07	$ 117,07	$ 87,60
8/6/2019	$ 7.951,58	$ 247,93	$ 115,89	$ 88,25
7/6/2019	$ 7.941,37	$ 248,72	$ 115,54	$ 87,77
6/6/2019	$ 7.702,10	$ 243,41	$ 102,47	$ 85,14
5/6/2019	$ 7.708,47	$ 241,80	$ 101,81	$ 83,21
4/6/2019	$ 7.961,72	$ 249,13	$ 104,49	$ 89,44
3/6/2019	$ 8.396,72	$ 257,49	$ 110,21	$ 94,69
2/6/2019	$ 8.712,76	$ 268,61	$ 114,54	$ 92,93
1/6/2019	$ 8.492,21	$ 263,68	$ 112,04	$ 94,11
31/5/2019	$ 8.419,05	$ 260,44	$ 110,60	$ 92,82
30/5/2019	$ 8.727,38	$ 284,51	$ 117,06	$ 93,12
29/5/2019	$ 8.716,13	$ 272,46	$ 116,95	$ 0,00
28/5/2019	$ 8.714,10	$ 269,88	$ 114,62	$ 97,95
27/5/2019	$ 8.795,59	$ 269,87	$ 115,40	$ 91,84
26/5/2019	$ 8.012,33	$ 250,33	$ 101,32	$ 86,52
25/5/2019	$ 8.075,88	$ 252,56	$ 102,29	$ 85,35
24/5/2019	$ 8.062,31	$ 253,92	$ 100,74	$ 84,84
23/5/2019	$ 7.728,28	$ 242,50	$ 88,30	$ 83,71
22/5/2019	$ 7.878,81	$ 253,25	$ 90,43	$ 88,45
21/5/2019	$ 7.954,28	$ 252,30	$ 91,39	$ 86,67
20/5/2019	$ 7.816,20	$ 247,23	$ 89,98	$ 90,12
19/5/2019	$ 7.957,22	$ 256,37	$ 93,31	$ 79,99
18/5/2019	$ 7.358,23	$ 238,87	$ 88,16	$ 81,58
17/5/2019	$ 7.160,69	$ 235,10	$ 87,11	$ 85,86
16/5/2019	$ 7.949,24	$ 261,33	$ 97,23	$ 94,85
15/5/2019	$ 7.943,95	$ 231,20	$ 92,90	$ 83,15
14/5/2019	$ 8.051,49	$ 207,18	$ 90,35	$ 79,07
13/5/2019	$ 7.491,16	$ 195,70	$ 88,72	$ 75,53
12/5/2019	$ 6.965,81	$ 184,61	$ 85,56	$ 77,73
11/5/2019	$ 6.794,35	$ 189,63	$ 86,47	$ 67,88
10/5/2019	$ 6.276,83	$ 171,64	$ 75,30	$ 64,62
9/5/2019	$ 6.037,41	$ 168,76	$ 73,71	$ 66,98
8/5/2019	$ 5.921,60	$ 169,99	$ 74,53	$ 65,66
7/5/2019	$ 5.908,11	$ 173,92	$ 74,97	$ 66,55
6/5/2019	$ 5.741,80	$ 168,92	$ 75,26	$ 66,11
5/5/2019	$ 5.794,85	$ 162,82	$ 76,55	$ 67,47
4/5/2019	$ 5.651,16	$ 161,84	$ 76,18	$ 66,15
3/5/2019	$ 5.823,00	$ 170,07	$ 79,74	$ 64,28
2/5/2019	$ 5.500,79	$ 160,47	$ 73,53	$ 64,50
1/5/2019	$ 5.366,28	$ 162,26	$ 73,32	$ 61,65
30/4/2019	$ 5.357,49	$ 160,89	$ 73,13	$ 60,71
29/4/2019	$ 5.229,72	$ 154,75	$ 67,17	$ 61,82
28/4/2019	$ 5.279,20	$ 158,19	$ 69,46	$ 62,86
27/4/2019	$ 5.224,56	$ 156,41	$ 71,79	$ 63,25
26/4/2019	$ 5.247,24	$ 155,10	$ 72,14	$ 61,70
25/4/2019	$ 5.457,02	$ 163,94	$ 74,07	$ 67,57
24/4/2019	$ 5.474,04	$ 165,03	$ 72,67	$ 69,93
23/4/2019	$ 5.592,99	$ 175,27	$ 78,75	$ 69,17
22/4/2019	$ 5.327,36	$ 172,07	$ 77,08	$ 68,60
21/4/2019	$ 5.276,96	$ 168,94	$ 76,15	$ 69,46
20/4/2019	$ 5.321,42	$ 173,14	$ 81,38	$ 69,10
19/4/2019	$ 5.254,45	$ 172,93	$ 81,71	$ 69,63
18/4/2019	$ 5.256,36	$ 172,66	$ 80,72	$ 68,28
17/4/2019	$ 5.222,88	$ 166,63	$ 79,68	$ 69,38
16/4/2019	$ 5.062,15	$ 162,30	$ 78,79	$ 64,14
15/4/2019	$ 5.160,82	$ 166,27	$ 81,86	$ 66,53
14/4/2019	$ 5.084,48	$ 164,89	$ 78,68	$ 65,20
13/4/2019	$ 5.108,23	$ 164,94	$ 78,77	$ 66,01
12/4/2019	$ 5.090,01	$ 165,77	$ 80,07	$ 67,19
11/4/2019	$ 5.050,95	$ 164,37	$ 78,64	$ 70,83
10/4/2019	$ 5.276,90	$ 180,87	$ 88,32	$ 68,83
9/4/2019	$ 5.210,61	$ 177,51	$ 86,94	$ 71,15
8/4/2019	$ 5.247,22	$ 179,47	$ 89,09	$ 69,53
7/4/2019	$ 5.148,89	$ 167,98	$ 92,43	$ 67,92
6/4/2019	$ 5.066,76	$ 166,59	$ 92,48	$ 68,27
5/4/2019	$ 4.992,74	$ 163,05	$ 87,39	$ 63,70
4/4/2019	$ 5.012,17	$ 161,57	$ 86,44	$ 66,30
3/4/2019	$ 5.015,72	$ 169,00	$ 86,02	$ 68,63
2/4/2019	$ 4.771,94	$ 156,92	$ 70,70	$ 60,62
1/4/2019	$ 4.148,77	$ 142,45	$ 60,61	$ 55,66
31/3/2019	$ 4.113,60	$ 142,63	$ 60,73	$ 53,37
30/3/2019	$ 4.089,80	$ 142,43	$ 60,59	$ 53,45
29/3/2019	$ 4.098,28	$ 141,64	$ 61,38	$ 52,71
28/3/2019	$ 4.038,89	$ 138,68	$ 60,92	$ 52,86
27/3/2019	$ 4.031,25	$ 138,96	$ 61,30	$ 52,04
26/3/2019	$ 3.932,12	$ 133,94	$ 58,70	$ 51,46
25/3/2019	$ 3.964,48	$ 133,93	$ 58,88	$ 52,60
24/3/2019	$ 3.989,98	$ 136,87	$ 59,74	$ 52,38
23/3/2019	$ 3.999,27	$ 137,27	$ 60,94	$ 52,61
22/3/2019	$ 4.002,40	$ 137,36	$ 59,61	$ 52,30
21/3/2019	$ 3.987,51	$ 135,53	$ 58,89	$ 54,49
20/3/2019	$ 4.024,12	$ 138,91	$ 60,53	$ 52,67
19/3/2019	$ 3.999,89	$ 138,89	$ 59,83	$ 51,71
18/3/2019	$ 3.984,61	$ 138,45	$ 59,70	$ 51,72
17/3/2019	$ 3.997,80	$ 140,46	$ 61,26	$ 53,08
16/3/2019	$ 4.011,58	$ 141,11	$ 60,91	$ 52,02
15/3/2019	$ 3.925,72	$ 137,77	$ 58,86	$ 50,46
14/3/2019	$ 3.881,85	$ 132,82	$ 56,26	$ 49,97
13/3/2019	$ 3.877,56	$ 133,00	$ 56,17	$ 49,60
12/3/2019	$ 3.876,32	$ 133,89	$ 56,29	$ 48,74
11/3/2019	$ 3.862,58	$ 132,48	$ 55,20	$ 48,62
10/3/2019	$ 3.916,82	$ 136,28	$ 56,90	$ 49,58
9/3/2019	$ 3.956,69	$ 138,62	$ 58,19	$ 48,11
8/3/2019	$ 3.911,52	$ 137,82	$ 56,72	$ 49,09
7/3/2019	$ 3.883,69	$ 137,48	$ 57,67	$ 48,69
6/3/2019	$ 3.872,65	$ 138,90	$ 55,65	$ 48,39
5/3/2019	$ 3.852,55	$ 135,04	$ 52,57	$ 46,70
4/3/2019	$ 3.731,24	$ 126,58	$ 46,19	$ 48,31
3/3/2019	$ 3.806,48	$ 132,24	$ 48,16	$ 47,99
2/3/2019	$ 3.831,19	$ 133,12	$ 48,66	$ 47,92
1/3/2019	$ 3.845,14	$ 136,77	$ 47,98	$ 47,42
28/2/2019	$ 3.871,05	$ 138,13	$ 46,37	$ 48,55
27/2/2019	$ 3.826,19	$ 138,44	$ 44,98	$ 47,88
26/2/2019	$ 3.831,06	$ 137,06	$ 45,17	$ 48,09
25/2/2019	$ 3.821,37	$ 138,24	$ 45,32	$ 47,24
24/2/2019	$ 3.813,69	$ 141,62	$ 45,11	$ 52,24
23/2/2019	$ 3.967,60	$ 148,54	$ 48,64	$ 50,93
22/2/2019	$ 3.973,15	$ 148,69	$ 49,40	$ 49,10
21/2/2019	$ 3.934,26	$ 145,46	$ 48,88	$ 51,46
20/2/2019	$ 3.945,30	$ 146,18	$ 50,88	$ 50,92
19/2/2019	$ 3.991,78	$ 148,42	$ 48,64	$ 51,07
18/2/2019	$ 3.849,05	$ 145,29	$ 46,39	$ 47,38
17/2/2019	$ 3.616,01	$ 126,34	$ 43,00	$ 46,56
16/2/2019	$ 3.629,03	$ 123,98	$ 44,08	$ 46,67
15/2/2019	$ 3.583,26	$ 121,56	$ 42,09	$ 46,27
14/2/2019	$ 3.590,98	$ 122,46	$ 41,64	$ 48,56
13/2/2019	$ 3.591,29	$ 121,40	$ 41,05	$ 48,05
12/2/2019	$ 3.601,07	$ 119,97	$ 42,99	$ 46,98
11/2/2019	$ 3.625,88	$ 121,13	$ 42,90	$ 48,90
10/2/2019	$ 3.634,16	$ 117,10	$ 43,48	$ 48,36
9/2/2019	$ 3.635,23	$ 118,80	$ 43,87	$ 47,58
8/2/2019	$ 3.502,41	$ 112,85	$ 39,92	$ 42,90
7/2/2019	$ 3.390,03	$ 104,61	$ 33,22	$ 42,89
6/2/2019	$ 3.395,32	$ 103,67	$ 32,77	$ 42,84
5/2/2019	$ 3.436,29	$ 106,33	$ 33,78	$ 42,79
4/2/2019	$ 3.442,88	$ 107,29	$ 33,76	$ 42,50
3/2/2019	$ 3.461,07	$ 107,48	$ 33,51	$ 42,31
2/2/2019	$ 3.456,28	$ 107,33	$ 33,00	$ 42,82
1/2/2019	$ 3.454,33	$ 106,89	$ 32,29	$ 43,04
31/1/2019	$ 3.440,70	$ 106,98	$ 31,46	$ 43,60
30/1/2019	$ 3.475,53	$ 109,74	$ 31,99	$ 42,78
29/1/2019	$ 3.423,06	$ 105,74	$ 31,23	$ 43,10
28/1/2019	$ 3.439,26	$ 103,96	$ 30,64	$ 46,11
27/1/2019	$ 3.572,42	$ 114,06	$ 32,44	$ 45,11
26/1/2019	$ 3.585,27	$ 115,57	$ 33,22	$ 46,03
25/1/2019	$ 3.581,56	$ 116,34	$ 32,61	$ 45,06
24/1/2019	$ 3.578,29	$ 117,07	$ 32,29	$ 44,53
23/1/2019	$ 3.574,01	$ 117,40	$ 31,83	$ 45,25
22/1/2019	$ 3.603,51	$ 119,23	$ 31,80	$ 43,65
21/1/2019	$ 3.556,76	$ 117,50	$ 30,94	$ 43,61
20/1/2019	$ 3.549,48	$ 118,31	$ 30,84	$ 45,43
19/1/2019	$ 3.737,57	$ 125,59	$ 32,54	$ 44,44
18/1/2019	$ 3.645,80	$ 122,24	$ 31,40	$ 45,00
17/1/2019	$ 3.629,46	$ 121,97	$ 31,24	$ 45,95
16/1/2019	$ 3.637,67	$ 123,00	$ 31,55	$ 44,65
15/1/2019	$ 3.654,43	$ 127,33	$ 31,89	$ 45,33
14/1/2019	$ 3.696,82	$ 130,04	$ 32,41	$ 42,94
13/1/2019	$ 3.637,39	$ 124,61	$ 32,30	$ 44,64
12/1/2019	$ 3.655,37	$ 126,93	$ 32,11	$ 45,76
11/1/2019	$ 3.659,43	$ 126,46	$ 32,92	$ 45,13
10/1/2019	$ 3.814,97	$ 132,58	$ 34,53	$ 51,82
9/1/2019	$ 4.019,54	$ 151,15	$ 39,07	$ 52,71
8/1/2019	$ 4.070,65	$ 152,60	$ 40,44	$ 53,08
7/1/2019	$ 4.011,46	$ 152,25	$ 37,83	$ 54,90
6/1/2019	$ 3.884,66	$ 154,68	$ 38,80	$ 50,30
5/1/2019	$ 3.876,22	$ 158,54	$ 35,87	$ 50,58
4/1/2019	$ 3.788,54	$ 149,96	$ 31,73	$ 49,81
3/1/2019	$ 3.886,48	$ 151,72	$ 32,25	$ 51,42
2/1/2019	$ 3.881,19	$ 151,83	$ 32,55	$ 48,09
1/1/2019	$ 3.716,73	$ 135,47	$ 30,41	$ 46,55
